marble_ID,relative_path,created,last_updated
ROOTS-OF-RENEWABLES,../_mms-md/ROOTS-OF-RENEWABLES.md,8/7/24,11/17/24
PropOfSciences,../_mms-md/PropOfSciences.md,9/11/23,9/20/24
JUST-TRANSITION-PRINC-FRAME,../_mms-md/JUST-TRANSITION-PRINC-FRAME.md,9/11/23,10/14/24
2.02308E+11,../_mms-md/202308111213.md,8/11/23,9/20/24
PROJECT-RESEARCH-AUTOMATED-SINGING-BOWL,../_mms-md/PROJECT-RESEARCH-AUTOMATED-SINGING-BOWL.md,11/5/24,11/5/24
ENERGY-VEGAN,../_mms-md/ENERGY-VEGAN.md,10/8/23,9/20/24
PEACE-ENGINEERING-A,../_mms-md/PEACE-ENGINEERING-A.md,2/21/24,9/20/24
OANM-HUB-FOR-LOCAL-BUS,../_mms-md/OANM-HUB-FOR-LOCAL-BUS.md,9/27/23,9/20/24
APP-IDEA-B,../_mms-md/APP-IDEA-B.md,4/12/24,9/20/24
EYTLaserViz-A,../_mms-md/EYTLaserViz-A.md,11/7/23,10/2/24
MMSPhilOfSciA,../_mms-md/MMSPhilOfSciA.md,9/11/23,10/25/24
DEGROWTH-SDG-IPCC,../_mms-md/DEGROWTH-SDG-IPCC.md,9/8/23,9/20/24
LIBERATORY-DESIGN-A,../_mms-md/LIBERATORY-DESIGN-A.md,4/12/24,9/20/24
CIRCULAR-ECON-D,../_mms-md/CIRCULAR-ECON-D.md,11/8/23,9/20/24
MMSCityPublicReportCenter,../_mms-md/MMSCityPublicReportCenter.md,7/25/24,9/20/24
POUCH-SYSTEMS-THINKING-TOOLS,../_mms-md/POUCH-SYSTEMS-THINKING-TOOLS.md,11/5/24,11/15/24
PERSONAL-VALUE-SYSTEM,../_mms-md/PERSONAL-VALUE-SYSTEM.md,7/31/24,9/20/24
ECON-GROWTH-A,../_mms-md/ECON-GROWTH-A.md,9/25/23,9/20/24
COLLECTION-JUST-ENERGY-HUB,../_mms-md/COLLECTION-JUST-ENERGY-HUB.md,8/1/24,9/20/24
EYTPlaylistsFunDJing,../_mms-md/EYTPlaylistsFunDJing.md,9/24/24,10/14/24
KNOWING-A,../_mms-md/KNOWING-A.md,10/19/23,9/20/24
COMMUNITY-OWNED-LAND-ECOSYSTEMS,../_mms-md/COMMUNITY-OWNED-LAND-ECOSYSTEMS.md,10/10/24,10/14/24
MMSBigTechA,../_mms-md/MMSBigTechA.md,11/14/23,9/20/24
NATEL-ENERGY-FISH-SAFE-STUDIES,../_mms-md/NATEL-ENERGY-FISH-SAFE-STUDIES.md,8/25/24,9/23/24
WASTE-C,../_mms-md/WASTE-C.md,2/17/24,10/22/24
STREAMING-COMMUNITY-PLATF,../_mms-md/STREAMING-COMMUNITY-PLATF.md,9/27/23,9/20/24
WEBSITE-SIZE-CHECK-A,../_mms-md/WEBSITE-SIZE-CHECK-A.md,1/14/24,9/20/24
QUOTES-GENERAL-COLLECTION,../_mms-md/QUOTES-GENERAL-COLLECTION.md,9/21/24,11/5/24
PHENOMENA-A,../_mms-md/PHENOMENA-A.md,10/13/23,9/20/24
QUOTES-INJUSTICE-SILENCE,../_mms-md/QUOTES-INJUSTICE-SILENCE.md,9/3/24,11/13/24
BOOK-The-Bliss-of-Inner-Fire,../_mms-md/BOOK-The-Bliss-of-Inner-Fire.md,9/6/24,9/20/24
ENERGY-CONSUMPTION-A,../_mms-md/ENERGY-CONSUMPTION-A.md,10/4/23,9/20/24
PROBLEMS-A,../_mms-md/PROBLEMS-A.md,10/9/23,9/20/24
QUOTES-NONVIOLENCE-AND-FORCE,../_mms-md/QUOTES-NONVIOLENCE-AND-FORCE.md,10/30/24,11/5/24
ENGINEERING-A,../_mms-md/ENGINEERING-A.md,10/10/23,9/20/24
MMSWhiteSupremacy-A,../_mms-md/MMSWhiteSupremacy-A.md,11/13/24,11/15/24
OANM-EMOTIONAL-SHARING,../_mms-md/OANM-EMOTIONAL-SHARING.md,2/26/24,9/20/24
MMSLoans,../_mms-md/MMSLoans.md,9/27/23,11/15/24
MMSHothouse,../_mms-md/MMSHothouse.md,10/11/23,9/20/24
MEDITATION-BREATHING-RATIOS-PRANAYAMA,../_mms-md/MEDITATION-BREATHING-RATIOS-PRANAYAMA.md,5/9/24,9/20/24
RESUME-WRITINGS-C,../_mms-md/RESUME-WRITINGS-C.md,2/6/24,9/20/24
RESTAURANT-IDEA-A,../_mms-md/RESTAURANT-IDEA-A.md,9/6/23,9/20/24
WASTE-B,../_mms-md/WASTE-B.md,11/17/23,9/20/24
UNLEARNING-A,../_mms-md/UNLEARNING-A.md,10/4/23,9/20/24
RECYCLING-A,../_mms-md/RECYCLING-A.md,11/8/23,9/20/24
VisualizationIdeasQuick,../_mms-md/VisualizationIdeasQuick.md,11/25/24,11/26/24
EYTCareClubInspo-A,../_mms-md/EYTCareClubInspo-A.md,1/15/24,9/20/24
NOTETAKING-A,../_mms-md/NOTETAKING-A.md,10/25/23,9/20/24
AYURVEDA-DOSHAS,../_mms-md/AYURVEDA-DOSHAS.md,6/10/24,9/20/24
PLANNING-DREAMING-CELEBRATING-DOING-FRAMEWORK,../_mms-md/PLANNING-DREAMING-CELEBRATING-DOING-FRAMEWORK.md,9/27/24,10/22/24
MMSTuningIntoSeparation,../_mms-md/MMSTuningIntoSeparation.md,12/29/23,9/20/24
MMSOlinSystemsBuilding,../_mms-md/MMSOlinSystemsBuilding.md,6/18/24,10/14/24
POVERTY-OVERVIEW,../_mms-md/POVERTY-OVERVIEW.md,1/18/24,9/20/24
CIRCULAR-ECON-A,../_mms-md/CIRCULAR-ECON-A.md,11/2/23,11/5/24
THREE-WELLBEING-THINGS,../_mms-md/THREE-WELLBEING-THINGS.md,8/31/23,9/20/24
letter-to-rhizome-2024,../_mms-md/letter-to-rhizome-2024.md,9/14/24,9/20/24
PED-OF-LOVE,../_mms-md/PED-OF-LOVE.md,8/11/23,9/20/24
SPIRIT-PODCASTS,../_mms-md/SPIRIT-PODCASTS.md,8/28/24,11/13/24
NATEL-ENERGY-MEDIA,../_mms-md/NATEL-ENERGY-MEDIA.md,8/15/24,9/20/24
OVERVIEW-CAPITALISM,../_mms-md/OVERVIEW-CAPITALISM.md,9/18/23,9/20/24
CLIMATE-ACT-RESOURCES-B,../_mms-md/CLIMATE-ACT-RESOURCES-B.md,2/27/24,9/20/24
RESUME-WRITINGS-B,../_mms-md/RESUME-WRITINGS-B.md,2/6/24,9/20/24
REPAIR-A,../_mms-md/REPAIR-A.md,11/24/23,9/20/24
AUTOPOIESIS-A,../_mms-md/AUTOPOIESIS-A.md,8/20/23,11/24/24
LUHMANN-COMMUNI-A,../_mms-md/LUHMANN-COMMUNI-A.md,9/22/23,9/20/24
EYTPlaylistsForOnlineFacilitation,../_mms-md/EYTPlaylistsForOnlineFacilitation.md,10/2/24,10/9/24
ADAPT-CYCLES-A,../_mms-md/ADAPT-CYCLES-A.md,9/8/23,9/20/24
MMSSensingA,../_mms-md/MMSSensingA.md,2/19/24,9/20/24
SYSTEMS-THINKING-OVERVIEW-CAUSAL-LOOPS,../_mms-md/SYSTEMS-THINKING-OVERVIEW-CAUSAL-LOOPS.md,11/5/24,11/15/24
COMPETITION-OVER-RESOURCES,../_mms-md/COMPETITION-OVER-RESOURCES.md,9/11/24,9/20/24
SPIRIT-A,../_mms-md/SPIRIT-A.md,8/19/24,9/20/24
APP-IDEA-C,../_mms-md/APP-IDEA-C.md,4/12/24,9/20/24
DEATH-A,../_mms-md/DEATH-A.md,12/5/23,9/20/24
CIRCULAR-ECON-E,../_mms-md/CIRCULAR-ECON-E.md,11/11/23,9/20/24
MASLOWS-NEEDS-BEYOND,../_mms-md/MASLOWS-NEEDS-BEYOND.md,9/19/23,9/20/24
MMSQ-Transdisciplinary-awareness,../_mms-md/MMSQ-Transdisciplinary-awareness.md,8/15/24,9/20/24
MESH-CAP-OVERVIEW,../_mms-md/MESH-CAP-OVERVIEW.md,1/25/24,9/20/24
MESH-CAP,../_mms-md/MESH-CAP.md,1/28/24,9/20/24
DIALOGUE-A,../_mms-md/DIALOGUE-A.md,12/4/23,9/20/24
BOOK-The-Art-of-Gathering,../_mms-md/BOOK-The-Art-of-Gathering.md,8/18/24,9/20/24
COMMUNICATION-A,../_mms-md/COMMUNICATION-A.md,11/1/23,9/20/24
COOP-PRINCIPLES,../_mms-md/COOP-PRINCIPLES.md,9/11/23,9/20/24
RESUME-WRITINGS-UPLOAD,../_mms-md/RESUME-WRITINGS-UPLOAD.md,2/6/24,9/20/24
GRADES-A,../_mms-md/GRADES-A.md,11/1/23,9/20/24
METAPHORICAL-RELATIONSHIPS-OF-ORGS,../_mms-md/METAPHORICAL-RELATIONSHIPS-OF-ORGS.md,8/6/24,10/22/24
MMSWasteA,../_mms-md/MMSWasteA.md,11/2/23,9/20/24
AGRICULTURE-A,../_mms-md/AGRICULTURE-A.md,10/11/23,9/20/24
CHOMSKY-GLOBAL-HEG-VID,../_mms-md/CHOMSKY-GLOBAL-HEG-VID.md,9/20/23,9/20/24
MESH-CAP-VERIF-A,../_mms-md/MESH-CAP-VERIF-A.md,1/28/24,9/20/24
INSPIRATION-ILLUSTRATIONS,../_mms-md/INSPIRATION-ILLUSTRATIONS.md,8/4/24,11/25/24
INSPO-DRAWING-A,../_mms-md/INSPO-DRAWING-A.md,11/2/23,11/25/24
BOUNDARY-SPANNING,../_mms-md/BOUNDARY-SPANNING.md,8/25/24,9/20/24
CONFERENCE-COMMUNI-A,../_mms-md/CONFERENCE-COMMUNI-A.md,11/1/23,9/20/24
COLLECTION-GRAPHICS-UI,../_mms-md/COLLECTION-GRAPHICS-UI.md,7/24/24,9/20/24
MMSHealthTechCommuniA,../_mms-md/MMSHealthTechCommuniA.md,9/21/23,9/20/24
MESH-CAP-D,../_mms-md/MESH-CAP-D.md,11/9/23,9/20/24
ENERGY-JUSTICE-A,../_mms-md/ENERGY-JUSTICE-A.md,4/10/24,9/20/24
MINING-A,../_mms-md/MINING-A.md,11/21/23,9/20/24
INTELLIGENCE-A,../_mms-md/INTELLIGENCE-A.md,8/13/23,9/20/24
PROSPERITY-A,../_mms-md/PROSPERITY-A.md,9/18/23,9/20/24
MMS-POST-IDEAS,../_mms-md/MMS-POST-IDEAS.md,8/7/24,9/20/24
APPS-USEFUL-A,../_mms-md/APPS-USEFUL-A.md,2/1/24,9/20/24
MMSCommuniA,../_mms-md/MMSCommuniA.md,9/11/23,10/29/24
INCARCERATION-STATS,../_mms-md/INCARCERATION-STATS.md,10/18/24,10/19/24
EYTCareClubInspo-B-Drinks,../_mms-md/EYTCareClubInspo-B-Drinks.md,3/6/24,9/20/24
THESIS-HOLISTIC-ENGINEERING,../_mms-md/THESIS-HOLISTIC-ENGINEERING.md,9/29/24,11/24/24
BIOMIMICRY-B,../_mms-md/BIOMIMICRY-B.md,10/25/24,10/27/24
INNOVATORS-COMPASS-A,../_mms-md/INNOVATORS-COMPASS-A.md,4/12/24,9/20/24
DOCUMENTARIES-NATURE-ANIMALS,../_mms-md/DOCUMENTARIES-NATURE-ANIMALS.md,11/17/24,11/22/24
PRESENCE-A,../_mms-md/PRESENCE-A.md,10/8/23,9/20/24
CREATIVE-MARKETING-RESOURCE-A,../_mms-md/CREATIVE-MARKETING-RESOURCE-A.md,8/29/24,9/20/24
SYSTEMIC-INTELLIGENCE-SPACE,../_mms-md/SYSTEMIC-INTELLIGENCE-SPACE.md,8/21/24,9/20/24
GLUCOSE-A,../_mms-md/GLUCOSE-A.md,11/1/23,9/20/24
POLICY-RESTAURANT-A,../_mms-md/POLICY-RESTAURANT-A.md,9/6/23,9/20/24
POWER-A,../_mms-md/POWER-A.md,2/15/24,9/20/24
RADICALNESS,../_mms-md/RADICALNESS.md,10/17/23,11/2/24
EYTClubCollab-B,../_mms-md/EYTClubCollab-B.md,1/15/24,9/20/24
VEGETABLE-STATS-A,../_mms-md/VEGETABLE-STATS-A.md,4/20/24,9/20/24
DESIGNING-WITH-COUNTRY-A,../_mms-md/DESIGNING-WITH-COUNTRY-A.md,2/12/24,10/23/24
MARKET-CONF-A,../_mms-md/MARKET-CONF-A.md,9/6/23,9/20/24
POWER-ECONOMY-A,../_mms-md/POWER-ECONOMY-A.md,1/30/24,9/20/24
INTERDISCIPLINARITY-A,../_mms-md/INTERDISCIPLINARITY-A.md,3/20/24,9/20/24
ENTITLEMENT-A,../_mms-md/ENTITLEMENT-A.md,8/11/23,9/20/24
letter-to-the-SF-Chronicle,../_mms-md/letter-to-the-SF-Chronicle.md,7/29/24,9/20/24
IMAGINATION-A,../_mms-md/IMAGINATION-A.md,10/19/23,9/20/24
EYTIdentity-A,../_mms-md/EYTIdentity-A.md,1/14/24,9/20/24
letter-to-people-power-solar-cooperative,../_mms-md/letter-to-people-power-solar-cooperative.md,9/10/24,9/20/24
RENEW-MINING-A,../_mms-md/RENEW-MINING-A.md,10/4/23,9/20/24
TECH-INTERDEP-A,../_mms-md/TECH-INTERDEP-A.md,11/29/23,9/20/24
WORK-WEEK-A,../_mms-md/WORK-WEEK-A.md,8/19/24,9/20/24
MESH-CAP-A,../_mms-md/MESH-CAP-A.md,9/25/23,9/20/24
LIVESTOCK-LAND-HOUSING-HOUSELESS,../_mms-md/LIVESTOCK-LAND-HOUSING-HOUSELESS.md,9/3/24,9/20/24
PORTFOLIO-SYSTEMS-THINKING-ILLUSTRATIONS,../_mms-md/PORTFOLIO-SYSTEMS-THINKING-ILLUSTRATIONS.md,4/5/24,9/20/24
ADAPT-CHANGE,../_mms-md/ADAPT-CHANGE.md,8/11/23,9/20/24
PRECAUTIONARY-PRINCIPLE-A,../_mms-md/PRECAUTIONARY-PRINCIPLE-A.md,12/9/23,9/20/24
BAY-AREA-LINKS,../_mms-md/BAY-AREA-LINKS.md,11/8/24,11/15/24
ELECYT-LASER-VIZ-A,../_mms-md/ELECYT-LASER-VIZ-A.md,1/19/24,9/30/24
GRAPHIC-DESIGN-TIPS-COLLECTION,../_mms-md/GRAPHIC-DESIGN-TIPS-COLLECTION.md,9/3/24,11/14/24
MMSHomepage,../_mms-md/MMSHomepage.md,8/23/24,11/13/24
MILIT-A,../_mms-md/MILIT-A.md,11/3/23,9/20/24
MMSSocialReproductionB,../_mms-md/MMSSocialReproductionB.md,10/17/23,11/13/24
SETH-PRACTICES-A,../_mms-md/SETH-PRACTICES-A.md,12/29/23,9/20/24
PROBLEM-VS-ASPIRATION,../_mms-md/PROBLEM-VS-ASPIRATION.md,10/4/23,9/20/24
MMSNutritionLabeling,../_mms-md/MMSNutritionLabeling.md,9/27/23,9/20/24
MMSMeatStickA,../_mms-md/MMSMeatStickA.md,12/4/23,9/20/24
DICTATORSHIP-A,../_mms-md/DICTATORSHIP-A.md,11/1/23,9/20/24
MESH-CAP-E,../_mms-md/MESH-CAP-E.md,11/17/23,9/20/24
MMSIcebergDynamics,../_mms-md/MMSIcebergDynamics.md,11/13/24,11/22/24
INDEXING-CODING-WHY,../_mms-md/INDEXING-CODING-WHY.md,3/6/24,9/20/24
MANTRA-SRI-YANTRA,../_mms-md/MANTRA-SRI-YANTRA.md,6/10/24,9/20/24
SYSTEMS-THINKING-TOOL-SYSTEMIC-CONSTELLATIONS,../_mms-md/SYSTEMS-THINKING-TOOL-SYSTEMIC-CONSTELLATIONS.md,11/5/24,11/15/24
FRAMEWORKS-COMMUNITY-WEAVING,../_mms-md/FRAMEWORKS-COMMUNITY-WEAVING.md,7/17/24,10/14/24
SURVIVAL-OF-THE-NURTURED,../_mms-md/SURVIVAL-OF-THE-NURTURED.md,10/6/24,10/10/24
NATURE-PARADIGMS,../_mms-md/NATURE-PARADIGMS.md,9/11/23,9/20/24
EMANCIPATORY-ACTION-RESEARCH-A,../_mms-md/EMANCIPATORY-ACTION-RESEARCH-A.md,4/16/24,9/20/24
SCIENCE-OF-HOLISM-FRAMEWORK,../_mms-md/SCIENCE-OF-HOLISM-FRAMEWORK.md,4/15/24,10/14/24
READING-RECS-A,../_mms-md/READING-RECS-A.md,4/12/24,9/20/24
COMMUNITY-A,../_mms-md/COMMUNITY-A.md,11/18/23,9/20/24
SPIRIT-TRANSFORMATION,../_mms-md/SPIRIT-TRANSFORMATION.md,9/8/23,9/20/24
WORK-CULTURE-MEDIEVAL-STONAGE-NOW,../_mms-md/WORK-CULTURE-MEDIEVAL-STONAGE-NOW.md,10/8/23,10/27/24
MMSDigitalComA,../_mms-md/MMSDigitalComA.md,12/21/23,9/20/24
COLLABORATIVE-ECOSYSTEMS-A,../_mms-md/COLLABORATIVE-ECOSYSTEMS-A.md,7/25/24,9/20/24
EYT-MUSIC-VIZ-IDEAS,../_mms-md/EYT-MUSIC-VIZ-IDEAS.md,1/15/24,9/20/24
MESH-CAP-G-1,../_mms-md/MESH-CAP-G-1.md,1/31/24,11/5/24
COMBAT-A,../_mms-md/COMBAT-A.md,1/9/24,9/20/24
MCGILCHRIST2021-VID,../_mms-md/MCGILCHRIST2021-VID.md,8/31/23,11/13/24
MESH-CAP-B,../_mms-md/MESH-CAP-B.md,10/13/23,9/20/24
MMSMusicStorageA,../_mms-md/MMSMusicStorageA.md,11/15/23,9/20/24
EYTInterestingMusicWebsites,../_mms-md/EYTInterestingMusicWebsites.md,6/10/24,11/2/24
HOLISTIC-FRAMEWORKS,../_mms-md/HOLISTIC-FRAMEWORKS.md,9/27/24,10/19/24
COFFEE-BLOCK-CAPTURE,../_mms-md/COFFEE-BLOCK-CAPTURE.md,7/22/24,9/20/24
PLUS1SOUNDA,../_mms-md/PLUS1SOUNDA.md,11/1/23,9/20/24
RESTAURANT-CRIT-A,../_mms-md/RESTAURANT-CRIT-A.md,9/6/23,9/20/24
REPAIR-E-BIKE-A,../_mms-md/REPAIR-E-BIKE-A.md,11/23/23,9/20/24
PORTFOLIO-WEBSITE-INSPO,../_mms-md/PORTFOLIO-WEBSITE-INSPO.md,1/4/24,9/20/24
ONTOLOGICAL-PRIMITIVES,../_mms-md/ONTOLOGICAL-PRIMITIVES.md,10/11/23,9/21/24
MMSSocialReproductionA,../_mms-md/MMSSocialReproductionA.md,10/5/23,11/13/24
MILIT-B,../_mms-md/MILIT-B.md,11/28/23,9/20/24
SEEDS-A,../_mms-md/SEEDS-A.md,9/20/23,9/20/24
2.02307E+11,../_mms-md/202307052318.md,7/6/23,9/20/24
COOP-EXPECTATIONS,../_mms-md/COOP-EXPECTATIONS.md,9/19/23,9/20/24
ENGINEERING-SYSTEMIC-PATTERNS-A,../_mms-md/ENGINEERING-SYSTEMIC-PATTERNS-A.md,7/24/24,9/20/24
MESH-CAP-F,../_mms-md/MESH-CAP-F.md,1/12/24,9/20/24
TECHNOLOGY-DEFINITION-A,../_mms-md/TECHNOLOGY-DEFINITION-A.md,11/2/24,11/2/24
MESH-CAP-EPIST-A,../_mms-md/MESH-CAP-EPIST-A.md,1/23/24,9/20/24
CLIMATE-ACT-VENN-A,../_mms-md/CLIMATE-ACT-VENN-A.md,8/20/23,9/20/24
POVERTY-STATS-A,../_mms-md/POVERTY-STATS-A.md,4/14/24,9/20/24
MESH-CAP-METHOD-A,../_mms-md/MESH-CAP-METHOD-A.md,1/29/24,9/20/24
ENV-NAT-DIFF,../_mms-md/ENV-NAT-DIFF.md,8/31/23,9/20/24
COMPLEXITY-A,../_mms-md/COMPLEXITY-A.md,8/1/24,9/20/24
ECO-JUSTICE,../_mms-md/ECO-JUSTICE.md,8/11/23,9/20/24
FACTS-A,../_mms-md/FACTS-A.md,1/20/24,9/20/24
EFFORT-BROKEN-FEEDBACK,../_mms-md/EFFORT-BROKEN-FEEDBACK.md,10/8/23,9/20/24
BOOKS-TO-REMEMBER,../_mms-md/BOOKS-TO-REMEMBER.md,10/8/24,10/10/24
TRAGEDY-COMMONS-A,../_mms-md/TRAGEDY-COMMONS-A.md,8/11/23,9/20/24
MESH-CAP-G,../_mms-md/MESH-CAP-G.md,1/26/24,9/20/24
EXTRACTION-A,../_mms-md/EXTRACTION-A.md,10/9/23,9/20/24
ACADEMIC-IMPERIALISM,../_mms-md/ACADEMIC-IMPERIALISM.md,9/20/24,9/20/24
FREE-WILL-A,../_mms-md/FREE-WILL-A.md,11/1/23,9/20/24
MMSHistOfSci-A,../_mms-md/MMSHistOfSci-A.md,8/20/23,9/20/24
MMSStickPlsComp,../_mms-md/MMSStickPlsComp.md,9/18/23,9/20/24
OVERVIEW-DEGROWTH,../_mms-md/OVERVIEW-DEGROWTH.md,9/18/23,9/20/24
MMSCommuniB,../_mms-md/MMSCommuniB.md,8/23/24,9/20/24
MMSSystemicCooperationInterface-A,../_mms-md/MMSSystemicCooperationInterface-A.md,8/25/24,10/25/24
COMPLEX-SYSTEMS-FRAMEWORK-A,../_mms-md/COMPLEX-SYSTEMS-FRAMEWORK-A.md,5/15/24,9/20/24
NEED-A,../_mms-md/NEED-A.md,8/11/23,9/20/24
SYSTEMIC-STORYTELLING-INTERFACE,../_mms-md/SYSTEMIC-STORYTELLING-INTERFACE.md,9/10/24,9/20/24
COMMUNICATION-LIVING-ROOM,../_mms-md/COMMUNICATION-LIVING-ROOM.md,8/17/24,9/20/24
BIOMIMICRY-A,../_mms-md/BIOMIMICRY-A.md,11/11/23,9/20/24
JOB-BOARD-CLIMATE-DESIGN-SOCIAL-JUSTICE,../_mms-md/JOB-BOARD-CLIMATE-DESIGN-SOCIAL-JUSTICE.md,9/18/24,9/20/24
SOIL-A,../_mms-md/SOIL-A.md,11/11/23,9/20/24
SPIRIT-WORK-A,../_mms-md/SPIRIT-WORK-A.md,8/20/23,9/20/24
MESH-CAP-C,../_mms-md/MESH-CAP-C.md,11/7/23,9/20/24
ORG-A,../_mms-md/ORG-A.md,11/1/23,9/20/24
MEDITATION-SAMATHA-STAGES,../_mms-md/MEDITATION-SAMATHA-STAGES.md,5/8/24,9/20/24
MMSInTheWorks,../_mms-md/MMSInTheWorks.md,9/10/24,11/22/24
INSTALLATION-1,../_mms-md/INSTALLATION-1.md,10/26/23,9/20/24
TEST-LETTER,../_mms-md/TEST-LETTER.md,10/19/24,10/19/24
EYTClubCollab-A,../_mms-md/EYTClubCollab-A.md,12/7/23,10/2/24
SURVIVAL-OF-THE-FRIENDLIEST,../_mms-md/SURVIVAL-OF-THE-FRIENDLIEST.md,8/27/24,10/6/24
MMSCapitalismA,../_mms-md/MMSCapitalismA.md,10/24/23,9/20/24
WASTE-A,../_mms-md/WASTE-A.md,11/2/23,9/20/24
APP-IDEA-D,../_mms-md/APP-IDEA-D.md,9/17/24,9/20/24
EYTMusicVizIdeas-A,../_mms-md/EYTMusicVizIdeas-A.md,11/7/23,9/20/24
FLOW,../_mms-md/FLOW.md,8/13/23,9/20/24
PEACE-A,../_mms-md/PEACE-A.md,11/28/23,9/20/24
BELIEVING-A,../_mms-md/BELIEVING-A.md,1/20/24,9/20/24
ST-HL-A,../_mms-md/ST-HL-A.md,10/10/23,9/20/24
REGENERATION-A,../_mms-md/REGENERATION-A.md,11/9/23,9/20/24
SENSING-B,../_mms-md/SENSING-B.md,2/18/24,10/14/24
2.02309E+11,../_mms-md/202309131344.md,9/13/23,9/20/24
EYTMusicSimilaritySearchEngine,../_mms-md/EYTMusicSimilaritySearchEngine.md,4/26/24,9/20/24
CIRCULAR-ECON-B,../_mms-md/CIRCULAR-ECON-B.md,11/7/23,9/20/24
SYSTEMIC-CHANGE-A,../_mms-md/SYSTEMIC-CHANGE-A.md,3/20/24,9/20/24
MESH-CAP-H,../_mms-md/MESH-CAP-H.md,1/27/24,9/20/24
REPAIR-B,../_mms-md/REPAIR-B.md,11/24/23,9/20/24
2.02308E+11,../_mms-md/202308212300.md,8/21/23,9/20/24
RESUME-WRITINGS-A,../_mms-md/RESUME-WRITINGS-A.md,2/6/24,9/20/24
CLIMATE-ACT-RESOURCES-A,../_mms-md/CLIMATE-ACT-RESOURCES-A.md,2/27/24,9/20/24
FAITH-BELIEF-SCIENCE,../_mms-md/FAITH-BELIEF-SCIENCE.md,3/11/24,9/20/24
CONFERENCE-COMMUNI-OVERV,../_mms-md/CONFERENCE-COMMUNI-OVERV.md,11/1/23,9/20/24
QUOTES-CREATION-PEACE,../_mms-md/QUOTES-CREATION-PEACE.md,8/7/24,9/20/24
LUHMANN-COMMUNI-B,../_mms-md/LUHMANN-COMMUNI-B.md,4/10/24,9/20/24
ECOLOGY-A,../_mms-md/ECOLOGY-A.md,10/26/23,9/20/24
ANARCH-COUPLE-A,../_mms-md/ANARCH-COUPLE-A.md,11/23/23,9/20/24
MEDIA-MOVEMENT-BUILDING-A,../_mms-md/MEDIA-MOVEMENT-BUILDING-A.md,12/12/23,9/20/24
MICRO-GRIDS-A,../_mms-md/MICRO-GRIDS-A.md,11/25/23,9/20/24
MMSContrastSimpleAndComplexSystems,../_mms-md/MMSContrastSimpleAndComplexSystems.md,11/24/24,11/24/24
BOAT-FUEL-CONSUMPTION-STATS,../_mms-md/BOAT-FUEL-CONSUMPTION-STATS.md,10/18/24,10/19/24
CIRCULAR-ECON-F,../_mms-md/CIRCULAR-ECON-F.md,11/12/23,9/20/24
SLOWING-DOWN-A,../_mms-md/SLOWING-DOWN-A.md,10/13/23,9/20/24
MESH-EJ-THESIS,../_mms-md/MESH-EJ-THESIS.md,8/13/23,9/20/24
ALL,../_mms-md/ALL.md,8/5/24,11/26/24
EYTSongDownloadingConversion,../_mms-md/EYTSongDownloadingConversion.md,1/20/24,9/20/24
TEST,../_mms-md/TEST.md,8/5/24,10/19/24
ENERGY-ENG-A,../_mms-md/ENERGY-ENG-A.md,7/9/24,11/2/24
BUBBLE-HASHTAGS,../_mms-md/BUBBLE-HASHTAGS.md,12/9/23,9/20/24
MMSPhenomenaOfComplexSystems,../_mms-md/MMSPhenomenaOfComplexSystems.md,11/23/24,11/24/24
PROGRESS-A,../_mms-md/PROGRESS-A.md,12/9/23,9/20/24
PLANT-BASED-DIET-A,../_mms-md/PLANT-BASED-DIET-A.md,9/3/24,9/20/24
MIXBASE-DOCUMENTATION,../_mms-md/MIXBASE-DOCUMENTATION.md,7/27/24,9/20/24
MESH-JEH-Overview-A,../_mms-md/MESH-JEH-Overview-A.md,3/28/24,9/20/24
MANTRA-GAYATRI,../_mms-md/MANTRA-GAYATRI.md,4/20/24,9/20/24
WASTE-D,../_mms-md/WASTE-D.md,8/18/24,9/20/24
INSIGHTS-COLLECTION,../_mms-md/INSIGHTS-COLLECTION.md,11/6/24,11/15/24
SUST-JOBS,../_mms-md/SUST-JOBS.md,11/9/23,9/20/24
ELECTRICITY-BOTTOM-BILLION,../_mms-md/ELECTRICITY-BOTTOM-BILLION.md,9/10/24,9/20/24
EYTLaserViz-B,../_mms-md/EYTLaserViz-B.md,11/8/23,9/20/24
APP-IDEA-A,../_mms-md/APP-IDEA-A.md,11/8/23,9/20/24
CIRCULAR-ECON-G,../_mms-md/CIRCULAR-ECON-G.md,11/24/23,9/20/24
MMSSystemIntervention-A,../_mms-md/MMSSystemIntervention-A.md,1/18/24,11/19/24
CUTE-A,../_mms-md/CUTE-A.md,11/2/23,9/20/24
INTRINSIC-EDUCATION-A,../_mms-md/INTRINSIC-EDUCATION-A.md,11/1/23,9/20/24
DRAWING-PRACTICE,../_mms-md/DRAWING-PRACTICE.md,10/30/24,11/2/24
OPP-LIB-PRAC-A,../_mms-md/OPP-LIB-PRAC-A.md,7/31/23,9/20/24
INTERVIEWING-A,../_mms-md/INTERVIEWING-A.md,2/17/24,9/20/24
POUCH-OF-QUOTES,../_mms-md/POUCH-OF-QUOTES.md,9/21/24,11/5/24
ARCHITECTURE-BIOPHILIC-BUILDING-EXAMPLES,../_mms-md/ARCHITECTURE-BIOPHILIC-BUILDING-EXAMPLES.md,11/5/24,11/15/24
MMSCollaborationA,../_mms-md/MMSCollaborationA.md,11/14/23,9/20/24
CLIMATE-CHANGE-A,../_mms-md/CLIMATE-CHANGE-A.md,10/9/23,9/20/24
MESH-CAP-MEDIA,../_mms-md/MESH-CAP-MEDIA.md,2/7/24,9/20/24
SMALLBUSINESS-RENT,../_mms-md/SMALLBUSINESS-RENT.md,9/18/23,9/20/24
SYSTEMS-THINKING-10Tools-for-a-zero-carbon-world,../_mms-md/SYSTEMS-THINKING-10Tools-for-a-zero-carbon-world.md,11/5/24,11/15/24
PROBLEMS-B,../_mms-md/PROBLEMS-B.md,2/26/24,9/20/24
MMSFinanceVisual,../_mms-md/MMSFinanceVisual.md,9/17/23,11/15/24
CERT-ORG,../_mms-md/CERT-ORG.md,11/9/23,9/20/24
KNOWLEDGE-ORGANIZATION-A,../_mms-md/KNOWLEDGE-ORGANIZATION-A.md,10/19/23,9/20/24
SOMATIC-HEAL-WHITENESS,../_mms-md/SOMATIC-HEAL-WHITENESS.md,10/5/23,9/21/24
ENG-WAR,../_mms-md/ENG-WAR.md,10/10/23,9/20/24
CIRCULAR-ECON-C,../_mms-md/CIRCULAR-ECON-C.md,11/8/23,9/20/24
IPCC-TRANSITION,../_mms-md/IPCC-TRANSITION.md,9/8/23,9/20/24
MMSEconomicDemocracy,../_mms-md/MMSEconomicDemocracy.md,11/26/24,11/28/24
SOLAR-ENERGY-A,../_mms-md/SOLAR-ENERGY-A.md,10/11/23,9/20/24
CO-CREATIVE-ECONOMY-A,../_mms-md/CO-CREATIVE-ECONOMY-A.md,2/18/24,10/14/24
MESH-CAP-I,../_mms-md/MESH-CAP-I.md,1/30/24,9/20/24
INTO-PERSPECTIVE,../_mms-md/INTO-PERSPECTIVE.md,8/7/24,9/20/24
MMSHealthAutopoiesis,../_mms-md/MMSHealthAutopoiesis.md,1/19/24,9/20/24
CAPABILITIES-FOR-LIFE-FRAMEWORK,../_mms-md/CAPABILITIES-FOR-LIFE-FRAMEWORK.md,7/11/24,9/20/24